<?xml version="1.0" encoding="utf-8"?>
<buildRequest>
  <author>Vishnu Prasad Vishwanathan</author>
  <dateTime>10/01/2017 7:23:45 PM</dateTime>
  <test>
    <testName>Test1</testName>	
    <testDriver>TestDrivera.cs</testDriver>
    <tested>Testeda1.cs</tested>
    <tested>Testeda2.cs</tested>
  </test>
  <test>
    <testName>Test2</testName>	
    <testDriver>TestDriveraaaa.cs</testDriver>
    <tested>Testeda1111.cs</tested>
    <tested>Testeda2222.cs</tested>
  </test>
 </buildRequest>